{
  "ticker": "NVDA",
  "trained_at": "2026-01-21T02:44:50.597780Z",
  "training_epochs": 50,
  "final_train_loss": 0.01172217515043237,
  "final_val_loss": 0.0069136954843997955,
  "data_points": 500,
  "sequence_length": 60,
  "forecast_horizon": 30,
  "model_version": "1.0"
}