{
  "ticker": "DGXX",
  "trained_at": "2026-02-15T00:42:20.642194Z",
  "training_epochs": 50,
  "final_train_loss": 0.025161410914734006,
  "final_val_loss": 0.005988352000713348,
  "data_points": 230,
  "sequence_length": 60,
  "forecast_horizon": 30,
  "model_version": "1.0"
}